"Treat","temp","mean","max","sd","n","sem"
"Chamber 1",20,4.5,10,4.43471156521669,4,2.21735578260835
"Chamber 2",26,2.75,4,1.5,4,0.75
"Chamber 3",30,5.83333333333333,12,3.9707262140151,6,1.62104218877171
"Chamber 4",34,27.6428571428571,64,27.3750407697022,7,10.3467928581266
"Chamber 5",37,57.3,164,60.4892552442167,5,27.0516173268808
