"Treat","temp","mean","max","sd","n","sem"
"Chamber 1",20,48.2798353909465,48.2798353909465,NA,1,NA
"Chamber 2",26,45.2838516268682,49.740412979351,3.96781928160824,3,2.29082153033231
"Chamber 3",30,44.7447628798574,47.5812205913337,3.50444565035267,5,1.56723573952841
"Chamber 4",34,45.190419912468,49,2.86138159110567,5,1.27964874945576
"Chamber 5",37,44.8915361199157,46.7225956921388,1.79905951615244,3,1.03868749593877
