"Treat","temp","mean","max","sd","n","sem"
"Chamber 1",20,2,3,1.15470053837925,4,0.577350269189626
"Chamber 2",26,5.25,8,2.75378527364305,4,1.37689263682153
"Chamber 3",30,3.41666666666667,9,2.87083030962589,6,1.17201156611661
"Chamber 4",34,3.21428571428571,7,2.11851250600397,7,0.800722462895249
"Chamber 5",37,3.2,5.5,1.95576072156079,5,0.874642784226795
