"Treat","temp","mean","max","sd","n","sem"
"Chamber 1",20,54.59375,83.88,32.7425002545112,4,16.3712501272556
"Chamber 2",26,77.08125,150.78,62.4630944871983,4,31.2315472435992
"Chamber 3",30,118.315833333333,197.92,55.8199489803302,6,22.7883987449999
"Chamber 4",34,91.1885714285714,164.44,61.1808053855051,7,23.1241708658125
"Chamber 5",37,73.861,123.98,37.0661682670329,5,16.5764943821062
