"Treat","temp","mean","max","sd","n","sem"
"Chamber 1",20,45.4611265600393,48,2.20485565568561,3,1.27297400633436
"Chamber 2",26,41.7668294638201,46.9618825359782,4.02721486918268,4,2.01360743459134
"Chamber 3",30,40.5625626996673,45.0769230769231,3.79250473668808,6,1.54828357532901
"Chamber 4",34,41.5584073897466,46.6,3.84781291238558,5,1.72079424735912
"Chamber 5",37,43.4295808583382,51.2163636363636,6.00909481197201,4,3.00454740598601
